dataset,pred_len,variate_reduction_type,variate_expansion_type,variate_decode_stage,loss_variant,variate_token_split_factor,num_variates,target_variate_tokens,source_variate_tokens,reduced_variate_k,reduced_variate_tokens,target_k_ratio,actual_k_ratio,source_k_ratio,logical_k,executed_k,logical_k_ratio,executed_k_ratio,k_budget_max,k_budget_exception,lowrank_reducer_rank,decoder_residual_gate_init,backbone_residual_gate_init,backbone_residual_gate_type,backbone_residual_gate,backbone_residual_gate_abs_mean,backbone_residual_gate_max,local_temporal_rank,zero_init_projector,skip_backbone,k_selection_mode,target_k_value,variate_anchor_map_path,original_encoder_tokens,reduced_encoder_tokens,num_extra_tokens,token_ratio,token_reduction_percent,attention_score_ratio,attention_score_reduction_percent,eval_split,mse,mae,rmse,mape,mspe,orthogonal_loss_weight,reconstruction_loss_weight,coverage_loss_weight,assignment_entropy_loss_weight,linear_coverage_loss_weight,biorthogonal_loss_weight,linear_weight_l2_loss_weight,decoder_init_l2_loss_weight,mae_loss_weight,train_time_sec,train_iter_count,avg_train_iter_time_sec,elapsed_sec,peak_gpu_allocated_mb,peak_gpu_reserved_mb,gpu_memory_footprint_mb,expansion_temperature,expansion_topk,residual_gate_mean,residual_gate_abs_mean,residual_gate_max,hybrid_linear_gate,local_temporal_branch,local_temporal_init,local_temporal_gate_init,local_temporal_gate,status,timestamp,git_commit,git_dirty,error,command,returncode,gpu,cuda_visible_devices,data,root_path,data_path,target,freq,seed,itr,model,model_id,setting,seq_len,label_len,e_layers,d_model,d_ff,batch_size,learning_rate,train_epochs,patience,num_workers,use_norm,checkpoint_dir,result_dir,weight_matrix_dir
Weather,96,variate_anchor_residual_pool,masked_linear,feature,,1,21,21,21,6,6,0.3,0.2857142857142857,0.2857142857142857,6,6,0.2857142857142857,0.2857142857142857,6,False,8,0.25,1.0,scalar,1.0,1.0,1.0,4,False,False,ratio,6,./results/anchor_maps/Weather_k6_corr_medoid_top16_corrinit_p4_train.npz,26,11,5,0.4230769230769231,57.692307692307686,0.17899408284023668,82.10059171597634,val,0.48032863904369844,0.318957376452362,0.6930574572455724,12.351176141307294,15206155.759603878,0.0,0.0,0.0,0.0,0.0,0.0,0.0,0.0,0.0,281.4836699962616,1146,0.24562274868783734,373.33174562454224,132.99462890625,200.0,132.99462890625,1.0,0,0.0,0.0,0.0,0.0,nlinear_affine,persistence,1.0,0.9959104657173157,success,2026-06-25 14:29:34,c2426e68ca13f74aaec08045c5c724d8ad328124,true,,,0,0,0,custom,./dataset/weather/,weather.csv,OT,t,2021,0,iTransformer,Weather_pl96_variate_anchor_residual_pool_ratio0.30_k6_ortho0_seed2021_localnlinear_affine-persistence_masked_9cde00515e,Weather_pl96_variate_anchor_residual_pool_ratio0.30_k6_ortho0_seed2021_localnlinear_affine-persistence_masked_9cde00515e_iTransformer_custom_M_ft96_sl48_ll96_pl512_dm8_nh3_el1_dl512_df1_fctimeF_ebTrue_dtvr_projection_0,96,48,3,512,512,32,0.0001,1,1,0,True,./checkpoints/Weather_pl96_variate_anchor_residual_pool_ratio0.30_k6_ortho0_seed2021_localnlinear_affine-persistence_masked_9cde00515e_iTransformer_custom_M_ft96_sl48_ll96_pl512_dm8_nh3_el1_dl512_df1_fctimeF_ebTrue_dtvr_projection_0,,
Weather,192,variate_anchor_residual_pool,masked_linear,feature,,1,21,21,21,6,6,0.3,0.2857142857142857,0.2857142857142857,6,6,0.2857142857142857,0.2857142857142857,6,False,8,0.25,1.0,scalar,1.0,1.0,1.0,4,False,False,ratio,6,./results/anchor_maps/Weather_k6_corr_medoid_top16_corrinit_p4_train.npz,26,11,5,0.4230769230769231,57.692307692307686,0.17899408284023668,82.10059171597634,val,0.5462600138258374,0.3599652289063172,0.7390940493779107,8.3712679306762,5371829.62951467,0.0,0.0,0.0,0.0,0.0,0.0,0.0,0.0,0.0,372.82303285598755,1143,0.3261793813263233,491.38235354423523,135.166015625,204.0,135.166015625,1.0,0,0.0,0.0,0.0,0.0,nlinear_affine,persistence,1.0,0.9956786632537842,success,2026-06-25 14:37:50,c2426e68ca13f74aaec08045c5c724d8ad328124,true,,,0,0,0,custom,./dataset/weather/,weather.csv,OT,t,2021,0,iTransformer,Weather_pl192_variate_anchor_residual_pool_ratio0.30_k6_ortho0_seed2021_localnlinear_affine-persistence_maske_815070eae7,Weather_pl192_variate_anchor_residual_pool_ratio0.30_k6_ortho0_seed2021_localnlinear_affine-persistence_maske_815070eae7_iTransformer_custom_M_ft96_sl48_ll192_pl512_dm8_nh3_el1_dl512_df1_fctimeF_ebTrue_dtvr_projection_0,96,48,3,512,512,32,0.0001,1,1,0,True,./checkpoints/Weather_pl192_variate_anchor_residual_pool_ratio0.30_k6_ortho0_seed2021_localnlinear_affine-persistence_maske_815070eae7_iTransformer_custom_M_ft96_sl48_ll192_pl512_dm8_nh3_el1_dl512_df1_fctimeF_ebTrue_dtvr_projection_0,,
Electricity,96,variate_anchor_residual_pool,masked_linear,feature,,1,321,321,321,96,96,0.3,0.29906542056074764,0.29906542056074764,96,96,0.29906542056074764,0.29906542056074764,96,False,8,0.25,1.0,scalar,1.0,1.0,1.0,4,False,False,ratio,96,./results/anchor_maps/Electricity_k96_corr_medoid_top16_corrinit_p4_train.npz,325,100,4,0.3076923076923077,69.23076923076923,0.09467455621301776,90.53254437869822,val,0.13654652120720967,0.23374140652506709,0.3695220172157671,2.129913762260664,56387.66323342176,0.0,0.0,0.0,0.0,0.0,0.0,0.0,0.0,0.0,1864.4817008972168,1138,1.6383846229325278,2397.76776266098,880.8818359375,970.0,880.8818359375,1.0,0,0.0,0.0,0.0,0.0,nlinear_affine,persistence,1.0,1.038572907447815,success,2026-06-25 15:17:52,c2426e68ca13f74aaec08045c5c724d8ad328124,true,,,0,0,0,custom,./dataset/electricity/,electricity.csv,OT,h,2021,0,iTransformer,Electricity_pl96_variate_anchor_residual_pool_ratio0.30_k96_ortho0_seed2021_localnlinear_affine-persistence_m_a9e5949b6a,Electricity_pl96_variate_anchor_residual_pool_ratio0.30_k96_ortho0_seed2021_localnlinear_affine-persistence_m_a9e5949b6a_iTransformer_custom_M_ft96_sl48_ll96_pl512_dm8_nh3_el1_dl512_df1_fctimeF_ebTrue_dtvr_projection_0,96,48,3,512,512,16,0.0005,1,1,0,True,./checkpoints/Electricity_pl96_variate_anchor_residual_pool_ratio0.30_k96_ortho0_seed2021_localnlinear_affine-persistence_m_a9e5949b6a_iTransformer_custom_M_ft96_sl48_ll96_pl512_dm8_nh3_el1_dl512_df1_fctimeF_ebTrue_dtvr_projection_0,,
Electricity,192,variate_anchor_residual_pool,masked_linear,feature,,1,321,321,321,96,96,0.3,0.29906542056074764,0.29906542056074764,96,96,0.29906542056074764,0.29906542056074764,96,False,8,0.25,1.0,scalar,1.0,1.0,1.0,4,False,False,ratio,96,./results/anchor_maps/Electricity_k96_corr_medoid_top16_corrinit_p4_train.npz,325,100,4,0.3076923076923077,69.23076923076923,0.09467455621301776,90.53254437869822,val,0.146205065636442,0.24207248544717413,0.38236770998142877,2.216684797593719,53086.14038514422,0.0,0.0,0.0,0.0,0.0,0.0,0.0,0.0,0.0,1853.0419404506683,1132,1.6369628449210851,2368.8561506271362,889.91796875,1132.0,889.91796875,1.0,0,0.0,0.0,0.0,0.0,nlinear_affine,persistence,1.0,1.0345011949539185,success,2026-06-25 15:57:25,c2426e68ca13f74aaec08045c5c724d8ad328124,true,,,0,0,0,custom,./dataset/electricity/,electricity.csv,OT,h,2021,0,iTransformer,Electricity_pl192_variate_anchor_residual_pool_ratio0.30_k96_ortho0_seed2021_localnlinear_affine-persistence_bd7a14dfe6,Electricity_pl192_variate_anchor_residual_pool_ratio0.30_k96_ortho0_seed2021_localnlinear_affine-persistence_bd7a14dfe6_iTransformer_custom_M_ft96_sl48_ll192_pl512_dm8_nh3_el1_dl512_df1_fctimeF_ebTrue_dtvr_projection_0,96,48,3,512,512,16,0.0005,1,1,0,True,./checkpoints/Electricity_pl192_variate_anchor_residual_pool_ratio0.30_k96_ortho0_seed2021_localnlinear_affine-persistence_bd7a14dfe6_iTransformer_custom_M_ft96_sl48_ll192_pl512_dm8_nh3_el1_dl512_df1_fctimeF_ebTrue_dtvr_projection_0,,
Traffic,192,variate_anchor_residual_pool,masked_linear,feature,,1,862,862,862,258,258,0.3,0.29930394431554525,0.29930394431554525,258,258,0.29930394431554525,0.29930394431554525,258,False,8,0.25,1.0,scalar,1.0,1.0,1.0,4,False,False,ratio,259,./results/anchor_maps/Traffic_k258_corr_medoid_top16_corrinit_p4_train.npz,866,262,4,0.302540415704388,69.7459584295612,0.0915307031345839,90.84692968654161,val,0.39607890290829856,0.2873686082893404,0.6293479982555744,3.1460281091744875,278928.2513088181,0.0,0.0,0.0,0.0,0.0,0.0,0.0,0.0,0.0,1912.076750278473,749,2.552839452975264,2412.993723154068,2580.60546875,3172.0,2580.60546875,1.0,0,0.0,0.0,0.0,0.0,nlinear_affine,persistence,1.0,1.0046011209487915,success,2026-06-25 16:37:44,c2426e68ca13f74aaec08045c5c724d8ad328124,true,,,0,0,0,custom,./dataset/traffic/,traffic.csv,OT,h,2021,0,iTransformer,Traffic_pl192_variate_anchor_residual_pool_ratio0.30_k258_ortho0_seed2021_localnlinear_affine-persistence_mas_503ad9406b,Traffic_pl192_variate_anchor_residual_pool_ratio0.30_k258_ortho0_seed2021_localnlinear_affine-persistence_mas_503ad9406b_iTransformer_custom_M_ft96_sl48_ll192_pl512_dm8_nh4_el1_dl512_df1_fctimeF_ebTrue_dtvr_projection_0,96,48,4,512,512,16,0.001,1,1,0,True,./checkpoints/Traffic_pl192_variate_anchor_residual_pool_ratio0.30_k258_ortho0_seed2021_localnlinear_affine-persistence_mas_503ad9406b_iTransformer_custom_M_ft96_sl48_ll192_pl512_dm8_nh4_el1_dl512_df1_fctimeF_ebTrue_dtvr_projection_0,,
Solar,96,variate_anchor_residual_pool,masked_linear,feature,,1,137,137,137,41,41,0.3,0.29927007299270075,0.29927007299270075,41,41,0.29927007299270075,0.29927007299270075,41,False,8,0.25,1.0,scalar,1.0,1.0,1.0,4,False,False,ratio,41,./results/anchor_maps/Solar_k41_corr_medoid_top16_corrinit_p4_train.npz,137,41,0,0.29927007299270075,70.07299270072993,0.08956257658905643,91.04374234109436,val,0.19117196150894405,0.2616594675336774,0.4372321597377577,1.780565179859058,10303.922378418001,0.0,0.0,0.0,0.0,0.0,0.0,0.0,0.0,0.0,257.70061469078064,1143,0.2254598553725115,366.02813935279846,692.67919921875,874.0,692.67919921875,1.0,0,0.0,0.0,0.0,0.0,nlinear_affine,persistence,1.0,0.9862275719642639,success,2026-06-25 16:43:54,c2426e68ca13f74aaec08045c5c724d8ad328124,true,,,0,0,0,Solar,./dataset/Solar/,solar_AL.txt,none,t,2021,0,iTransformer,Solar_pl96_variate_anchor_residual_pool_ratio0.30_k41_ortho0_seed2021_localnlinear_affine-persistence_masked_d64b16b2f7,Solar_pl96_variate_anchor_residual_pool_ratio0.30_k41_ortho0_seed2021_localnlinear_affine-persistence_masked_d64b16b2f7_iTransformer_Solar_M_ft96_sl48_ll96_pl512_dm8_nh2_el1_dl512_df1_fctimeF_ebTrue_dtvr_projection_0,96,48,2,512,512,32,0.0005,1,1,0,True,./checkpoints/Solar_pl96_variate_anchor_residual_pool_ratio0.30_k41_ortho0_seed2021_localnlinear_affine-persistence_masked_d64b16b2f7_iTransformer_Solar_M_ft96_sl48_ll96_pl512_dm8_nh2_el1_dl512_df1_fctimeF_ebTrue_dtvr_projection_0,,
Weather,96,variate_grouped_linear_pool,masked_linear,feature,,1,21,21,21,6,6,0.3,0.2857142857142857,0.2857142857142857,6,6,0.2857142857142857,0.2857142857142857,6,False,8,0.0,1.0,scalar,1.0,1.0,1.0,4,False,False,ratio,6,./results/anchor_maps/Weather_k6_corr_medoid_top16_corrinit_p4_train.npz,26,11,5,0.4230769230769231,57.692307692307686,0.17899408284023668,82.10059171597634,val,0.4742058151439124,0.31765009441263414,0.6886260343204521,11.841993027765724,13661702.339641815,0.0,0.0,0.0,0.0,0.0,0.0,0.0,0.0,0.0,254.66943883895874,1146,0.22222464122073188,343.59200620651245,134.244140625,198.0,134.244140625,1.0,0,0.0,0.0,0.0,0.0,nlinear_affine,persistence,1.0,0.9959620237350464,success,2026-06-25 16:49:42,c2426e68ca13f74aaec08045c5c724d8ad328124,true,,,0,0,0,custom,./dataset/weather/,weather.csv,OT,t,2021,0,iTransformer,Weather_pl96_variate_grouped_linear_pool_ratio0.30_k6_ortho0_seed2021_localnlinear_affine-persistence_masked_c7557062b0,Weather_pl96_variate_grouped_linear_pool_ratio0.30_k6_ortho0_seed2021_localnlinear_affine-persistence_masked_c7557062b0_iTransformer_custom_M_ft96_sl48_ll96_pl512_dm8_nh3_el1_dl512_df1_fctimeF_ebTrue_dtvr_projection_0,96,48,3,512,512,32,0.0001,1,1,0,True,./checkpoints/Weather_pl96_variate_grouped_linear_pool_ratio0.30_k6_ortho0_seed2021_localnlinear_affine-persistence_masked_c7557062b0_iTransformer_custom_M_ft96_sl48_ll96_pl512_dm8_nh3_el1_dl512_df1_fctimeF_ebTrue_dtvr_projection_0,,
Weather,192,variate_grouped_linear_pool,masked_linear,feature,,1,21,21,21,6,6,0.3,0.2857142857142857,0.2857142857142857,6,6,0.2857142857142857,0.2857142857142857,6,False,8,0.0,1.0,scalar,1.0,1.0,1.0,4,False,False,ratio,6,./results/anchor_maps/Weather_k6_corr_medoid_top16_corrinit_p4_train.npz,26,11,5,0.4230769230769231,57.692307692307686,0.17899408284023668,82.10059171597634,val,0.5444415087378912,0.35906786472906904,0.7378627980443866,7.970058913018985,4361691.878537281,0.0,0.0,0.0,0.0,0.0,0.0,0.0,0.0,0.0,338.216472864151,1143,0.295902425952888,447.18329334259033,136.41552734375,204.0,136.41552734375,1.0,0,0.0,0.0,0.0,0.0,nlinear_affine,persistence,1.0,0.9957228302955627,success,2026-06-25 16:57:13,c2426e68ca13f74aaec08045c5c724d8ad328124,true,,,0,0,0,custom,./dataset/weather/,weather.csv,OT,t,2021,0,iTransformer,Weather_pl192_variate_grouped_linear_pool_ratio0.30_k6_ortho0_seed2021_localnlinear_affine-persistence_masked_b2e8c855bf,Weather_pl192_variate_grouped_linear_pool_ratio0.30_k6_ortho0_seed2021_localnlinear_affine-persistence_masked_b2e8c855bf_iTransformer_custom_M_ft96_sl48_ll192_pl512_dm8_nh3_el1_dl512_df1_fctimeF_ebTrue_dtvr_projection_0,96,48,3,512,512,32,0.0001,1,1,0,True,./checkpoints/Weather_pl192_variate_grouped_linear_pool_ratio0.30_k6_ortho0_seed2021_localnlinear_affine-persistence_masked_b2e8c855bf_iTransformer_custom_M_ft96_sl48_ll192_pl512_dm8_nh3_el1_dl512_df1_fctimeF_ebTrue_dtvr_projection_0,,
Electricity,96,variate_grouped_linear_pool,masked_linear,feature,,1,321,321,321,96,96,0.3,0.29906542056074764,0.29906542056074764,96,96,0.29906542056074764,0.29906542056074764,96,False,8,0.0,1.0,scalar,1.0,1.0,1.0,4,False,False,ratio,96,./results/anchor_maps/Electricity_k96_corr_medoid_top16_corrinit_p4_train.npz,325,100,4,0.3076923076923077,69.23076923076923,0.09467455621301776,90.53254437869822,val,0.1350767002186816,0.2323957020809289,0.36752782237360154,2.1820773518132235,68883.65127398534,0.0,0.0,0.0,0.0,0.0,0.0,0.0,0.0,0.0,1704.0577478408813,1138,1.4974145411607043,2195.002372741699,885.35302734375,1112.0,885.35302734375,1.0,0,0.0,0.0,0.0,0.0,nlinear_affine,persistence,1.0,1.0367591381072998,success,2026-06-25 17:33:52,c2426e68ca13f74aaec08045c5c724d8ad328124,true,,,0,0,0,custom,./dataset/electricity/,electricity.csv,OT,h,2021,0,iTransformer,Electricity_pl96_variate_grouped_linear_pool_ratio0.30_k96_ortho0_seed2021_localnlinear_affine-persistence_ma_9d142b220a,Electricity_pl96_variate_grouped_linear_pool_ratio0.30_k96_ortho0_seed2021_localnlinear_affine-persistence_ma_9d142b220a_iTransformer_custom_M_ft96_sl48_ll96_pl512_dm8_nh3_el1_dl512_df1_fctimeF_ebTrue_dtvr_projection_0,96,48,3,512,512,16,0.0005,1,1,0,True,./checkpoints/Electricity_pl96_variate_grouped_linear_pool_ratio0.30_k96_ortho0_seed2021_localnlinear_affine-persistence_ma_9d142b220a_iTransformer_custom_M_ft96_sl48_ll96_pl512_dm8_nh3_el1_dl512_df1_fctimeF_ebTrue_dtvr_projection_0,,
Electricity,192,variate_grouped_linear_pool,masked_linear,feature,,1,321,321,321,96,96,0.3,0.29906542056074764,0.29906542056074764,96,96,0.29906542056074764,0.29906542056074764,96,False,8,0.0,1.0,scalar,1.0,1.0,1.0,4,False,False,ratio,96,./results/anchor_maps/Electricity_k96_corr_medoid_top16_corrinit_p4_train.npz,325,100,4,0.3076923076923077,69.23076923076923,0.09467455621301776,90.53254437869822,val,0.14611058105599645,0.24203011827454773,0.3822441380269898,2.244899971305587,60932.44774385194,0.0,0.0,0.0,0.0,0.0,0.0,0.0,0.0,0.0,1705.6794879436493,1132,1.5067839999502202,2179.9173028469086,896.10791015625,1124.0,896.10791015625,1.0,0,0.0,0.0,0.0,0.0,nlinear_affine,persistence,1.0,1.0315463542938232,success,2026-06-25 18:10:17,c2426e68ca13f74aaec08045c5c724d8ad328124,true,,,0,0,0,custom,./dataset/electricity/,electricity.csv,OT,h,2021,0,iTransformer,Electricity_pl192_variate_grouped_linear_pool_ratio0.30_k96_ortho0_seed2021_localnlinear_affine-persistence_m_b921879a90,Electricity_pl192_variate_grouped_linear_pool_ratio0.30_k96_ortho0_seed2021_localnlinear_affine-persistence_m_b921879a90_iTransformer_custom_M_ft96_sl48_ll192_pl512_dm8_nh3_el1_dl512_df1_fctimeF_ebTrue_dtvr_projection_0,96,48,3,512,512,16,0.0005,1,1,0,True,./checkpoints/Electricity_pl192_variate_grouped_linear_pool_ratio0.30_k96_ortho0_seed2021_localnlinear_affine-persistence_m_b921879a90_iTransformer_custom_M_ft96_sl48_ll192_pl512_dm8_nh3_el1_dl512_df1_fctimeF_ebTrue_dtvr_projection_0,,
Traffic,96,variate_grouped_linear_pool,masked_linear,feature,,1,862,862,862,258,258,0.3,0.29930394431554525,0.29930394431554525,258,258,0.29930394431554525,0.29930394431554525,258,False,8,0.0,1.0,scalar,1.0,1.0,1.0,4,False,False,ratio,259,./results/anchor_maps/Traffic_k258_corr_medoid_top16_corrinit_p4_train.npz,866,262,4,0.302540415704388,69.7459584295612,0.0915307031345839,90.84692968654161,val,0.40583846833993875,0.29564784043928233,0.6370545254057448,3.2387813089137034,273428.3631295049,0.0,0.0,0.0,0.0,0.0,0.0,0.0,0.0,0.0,2060.4096353054047,755,2.7290193845104698,2580.2412371635437,2574.00439453125,3118.0,2574.00439453125,1.0,0,0.0,0.0,0.0,0.0,nlinear_affine,persistence,1.0,1.001395344734192,success,2026-06-25 18:53:22,c2426e68ca13f74aaec08045c5c724d8ad328124,true,,,0,0,0,custom,./dataset/traffic/,traffic.csv,OT,h,2021,0,iTransformer,Traffic_pl96_variate_grouped_linear_pool_ratio0.30_k258_ortho0_seed2021_localnlinear_affine-persistence_maske_c1acc0785b,Traffic_pl96_variate_grouped_linear_pool_ratio0.30_k258_ortho0_seed2021_localnlinear_affine-persistence_maske_c1acc0785b_iTransformer_custom_M_ft96_sl48_ll96_pl512_dm8_nh4_el1_dl512_df1_fctimeF_ebTrue_dtvr_projection_0,96,48,4,512,512,16,0.001,1,1,0,True,./checkpoints/Traffic_pl96_variate_grouped_linear_pool_ratio0.30_k258_ortho0_seed2021_localnlinear_affine-persistence_maske_c1acc0785b_iTransformer_custom_M_ft96_sl48_ll96_pl512_dm8_nh4_el1_dl512_df1_fctimeF_ebTrue_dtvr_projection_0,,
Traffic,192,variate_grouped_linear_pool,masked_linear,feature,,1,862,862,862,258,258,0.3,0.29930394431554525,0.29930394431554525,258,258,0.29930394431554525,0.29930394431554525,258,False,8,0.0,1.0,scalar,1.0,1.0,1.0,4,False,False,ratio,259,./results/anchor_maps/Traffic_k258_corr_medoid_top16_corrinit_p4_train.npz,866,262,4,0.302540415704388,69.7459584295612,0.0915307031345839,90.84692968654161,val,0.3928431278059525,0.28519348735496913,0.6267719902851056,3.0837124863241563,243479.94776383336,0.0,0.0,0.0,0.0,0.0,0.0,0.0,0.0,0.0,1704.056186914444,749,2.275108393744251,2159.472098350525,2600.3291015625,3140.0,2600.3291015625,1.0,0,0.0,0.0,0.0,0.0,nlinear_affine,persistence,1.0,1.0031158924102783,success,2026-06-25 19:29:26,c2426e68ca13f74aaec08045c5c724d8ad328124,true,,,0,0,0,custom,./dataset/traffic/,traffic.csv,OT,h,2021,0,iTransformer,Traffic_pl192_variate_grouped_linear_pool_ratio0.30_k258_ortho0_seed2021_localnlinear_affine-persistence_mask_3f1ace1fda,Traffic_pl192_variate_grouped_linear_pool_ratio0.30_k258_ortho0_seed2021_localnlinear_affine-persistence_mask_3f1ace1fda_iTransformer_custom_M_ft96_sl48_ll192_pl512_dm8_nh4_el1_dl512_df1_fctimeF_ebTrue_dtvr_projection_0,96,48,4,512,512,16,0.001,1,1,0,True,./checkpoints/Traffic_pl192_variate_grouped_linear_pool_ratio0.30_k258_ortho0_seed2021_localnlinear_affine-persistence_mask_3f1ace1fda_iTransformer_custom_M_ft96_sl48_ll192_pl512_dm8_nh4_el1_dl512_df1_fctimeF_ebTrue_dtvr_projection_0,,
Solar,96,variate_grouped_linear_pool,masked_linear,feature,,1,137,137,137,41,41,0.3,0.29927007299270075,0.29927007299270075,41,41,0.29927007299270075,0.29927007299270075,41,False,8,0.0,1.0,scalar,1.0,1.0,1.0,4,False,False,ratio,41,./results/anchor_maps/Solar_k41_corr_medoid_top16_corrinit_p4_train.npz,137,41,0,0.29927007299270075,70.07299270072993,0.08956257658905643,91.04374234109436,val,0.19341932624895608,0.26086745305335673,0.4397946409961769,1.7828803334854768,10288.726099647574,0.0,0.0,0.0,0.0,0.0,0.0,0.0,0.0,0.0,266.1232466697693,1143,0.23282873724389264,376.55198431015015,698.94091796875,874.0,698.94091796875,1.0,0,0.0,0.0,0.0,0.0,nlinear_affine,persistence,1.0,0.9859952330589294,success,2026-06-25 19:35:47,c2426e68ca13f74aaec08045c5c724d8ad328124,true,,,0,0,0,Solar,./dataset/Solar/,solar_AL.txt,none,t,2021,0,iTransformer,Solar_pl96_variate_grouped_linear_pool_ratio0.30_k41_ortho0_seed2021_localnlinear_affine-persistence_masked_l_4e8b74e405,Solar_pl96_variate_grouped_linear_pool_ratio0.30_k41_ortho0_seed2021_localnlinear_affine-persistence_masked_l_4e8b74e405_iTransformer_Solar_M_ft96_sl48_ll96_pl512_dm8_nh2_el1_dl512_df1_fctimeF_ebTrue_dtvr_projection_0,96,48,2,512,512,32,0.0005,1,1,0,True,./checkpoints/Solar_pl96_variate_grouped_linear_pool_ratio0.30_k41_ortho0_seed2021_localnlinear_affine-persistence_masked_l_4e8b74e405_iTransformer_Solar_M_ft96_sl48_ll96_pl512_dm8_nh2_el1_dl512_df1_fctimeF_ebTrue_dtvr_projection_0,,
Solar,192,variate_grouped_linear_pool,masked_linear,feature,,1,137,137,137,41,41,0.3,0.29927007299270075,0.29927007299270075,41,41,0.29927007299270075,0.29927007299270075,41,False,8,0.0,1.0,scalar,1.0,1.0,1.0,4,False,False,ratio,41,./results/anchor_maps/Solar_k41_corr_medoid_top16_corrinit_p4_train.npz,137,41,0,0.29927007299270075,70.07299270072993,0.08956257658905643,91.04374234109436,val,0.21526522700506448,0.27226074221520297,0.46396683826008994,1.8704647758908428,12234.347534274553,0.0,0.0,0.0,0.0,0.0,0.0,0.0,0.0,0.0,3058.7078552246094,1140,2.6830770659864993,3884.4841845035553,708.26611328125,876.0,708.26611328125,1.0,0,0.0,0.0,0.0,0.0,nlinear_affine,persistence,1.0,0.9827283620834351,success,2026-06-25 20:40:35,c2426e68ca13f74aaec08045c5c724d8ad328124,true,,,0,0,0,Solar,./dataset/Solar/,solar_AL.txt,none,t,2021,0,iTransformer,Solar_pl192_variate_grouped_linear_pool_ratio0.30_k41_ortho0_seed2021_localnlinear_affine-persistence_masked_4350d6f91e,Solar_pl192_variate_grouped_linear_pool_ratio0.30_k41_ortho0_seed2021_localnlinear_affine-persistence_masked_4350d6f91e_iTransformer_Solar_M_ft96_sl48_ll192_pl512_dm8_nh2_el1_dl512_df1_fctimeF_ebTrue_dtvr_projection_0,96,48,2,512,512,32,0.0005,1,1,0,True,./checkpoints/Solar_pl192_variate_grouped_linear_pool_ratio0.30_k41_ortho0_seed2021_localnlinear_affine-persistence_masked_4350d6f91e_iTransformer_Solar_M_ft96_sl48_ll192_pl512_dm8_nh2_el1_dl512_df1_fctimeF_ebTrue_dtvr_projection_0,,
Weather,336,variate_anchor_residual_pool,masked_linear,feature,,1,21,21,21,6,6,0.3,0.2857142857142857,0.2857142857142857,6,6,0.2857142857142857,0.2857142857142857,6,False,8,0.25,1.0,scalar,1.0,1.0,1.0,4,False,False,ratio,6,./results/anchor_maps/Weather_k6_corr_medoid_top16_corrinit_p4_train.npz,26,11,5,0.4230769230769231,57.692307692307686,0.17899408284023668,82.10059171597634,val,0.6281304870168092,0.41089619550944845,0.7925468358506071,7.6018289988534296,3094576.154957116,0.0,0.0,0.0,0.0,0.0,0.0,0.0,0.0,0.0,307.48467993736267,1139,0.2699602106561569,403.9044806957245,138.42138671875,198.0,138.42138671875,1.0,0,0.0,0.0,0.0,0.0,nlinear_affine,persistence,1.0,0.9966534376144409,success,2026-06-25 20:47:23,c2426e68ca13f74aaec08045c5c724d8ad328124,true,,,0,0,0,custom,./dataset/weather/,weather.csv,OT,t,2021,0,iTransformer,Weather_pl336_variate_anchor_residual_pool_ratio0.30_k6_ortho0_seed2021_localnlinear_affine-persistence_maske_7d2ab55328,Weather_pl336_variate_anchor_residual_pool_ratio0.30_k6_ortho0_seed2021_localnlinear_affine-persistence_maske_7d2ab55328_iTransformer_custom_M_ft96_sl48_ll336_pl512_dm8_nh3_el1_dl512_df1_fctimeF_ebTrue_dtvr_projection_0,96,48,3,512,512,32,0.0001,1,1,0,True,./checkpoints/Weather_pl336_variate_anchor_residual_pool_ratio0.30_k6_ortho0_seed2021_localnlinear_affine-persistence_maske_7d2ab55328_iTransformer_custom_M_ft96_sl48_ll336_pl512_dm8_nh3_el1_dl512_df1_fctimeF_ebTrue_dtvr_projection_0,,
Weather,720,variate_anchor_residual_pool,masked_linear,feature,,1,21,21,21,6,6,0.3,0.2857142857142857,0.2857142857142857,6,6,0.2857142857142857,0.2857142857142857,6,False,8,0.25,1.0,scalar,1.0,1.0,1.0,4,False,False,ratio,6,./results/anchor_maps/Weather_k6_corr_medoid_top16_corrinit_p4_train.npz,26,11,5,0.4230769230769231,57.692307692307686,0.17899408284023668,82.10059171597634,val,0.7491060902666655,0.48429923218738846,0.865509150885573,10.313611366269564,5664516.061317791,0.0,0.0,0.0,0.0,0.0,0.0,0.0,0.0,0.0,314.55572271347046,1127,0.2791088932683855,405.7726106643677,148.56689453125,218.0,148.56689453125,1.0,0,0.0,0.0,0.0,0.0,nlinear_affine,persistence,1.0,0.9968870878219604,success,2026-06-25 20:54:13,c2426e68ca13f74aaec08045c5c724d8ad328124,true,,,0,0,0,custom,./dataset/weather/,weather.csv,OT,t,2021,0,iTransformer,Weather_pl720_variate_anchor_residual_pool_ratio0.30_k6_ortho0_seed2021_localnlinear_affine-persistence_maske_6c3e7df32f,Weather_pl720_variate_anchor_residual_pool_ratio0.30_k6_ortho0_seed2021_localnlinear_affine-persistence_maske_6c3e7df32f_iTransformer_custom_M_ft96_sl48_ll720_pl512_dm8_nh3_el1_dl512_df1_fctimeF_ebTrue_dtvr_projection_0,96,48,3,512,512,32,0.0001,1,1,0,True,./checkpoints/Weather_pl720_variate_anchor_residual_pool_ratio0.30_k6_ortho0_seed2021_localnlinear_affine-persistence_maske_6c3e7df32f_iTransformer_custom_M_ft96_sl48_ll720_pl512_dm8_nh3_el1_dl512_df1_fctimeF_ebTrue_dtvr_projection_0,,
Electricity,336,variate_anchor_residual_pool,masked_linear,feature,,1,321,321,321,96,96,0.3,0.29906542056074764,0.29906542056074764,96,96,0.29906542056074764,0.29906542056074764,96,False,8,0.25,1.0,scalar,1.0,1.0,1.0,4,False,False,ratio,96,./results/anchor_maps/Electricity_k96_corr_medoid_top16_corrinit_p4_train.npz,325,100,4,0.3076923076923077,69.23076923076923,0.09467455621301776,90.53254437869822,val,0.16492484097926724,0.25959906796127025,0.40610939533488666,2.384959229484442,69787.82217955614,0.0,0.0,0.0,0.0,0.0,0.0,0.0,0.0,0.0,1677.4328167438507,1123,1.4937068715439454,2129.286623954773,907.3330078125,1130.0,907.3330078125,1.0,0,0.0,0.0,0.0,0.0,nlinear_affine,persistence,1.0,1.0293889045715332,success,2026-06-25 21:29:47,c2426e68ca13f74aaec08045c5c724d8ad328124,true,,,0,0,0,custom,./dataset/electricity/,electricity.csv,OT,h,2021,0,iTransformer,Electricity_pl336_variate_anchor_residual_pool_ratio0.30_k96_ortho0_seed2021_localnlinear_affine-persistence_a8ece2d669,Electricity_pl336_variate_anchor_residual_pool_ratio0.30_k96_ortho0_seed2021_localnlinear_affine-persistence_a8ece2d669_iTransformer_custom_M_ft96_sl48_ll336_pl512_dm8_nh3_el1_dl512_df1_fctimeF_ebTrue_dtvr_projection_0,96,48,3,512,512,16,0.0005,1,1,0,True,./checkpoints/Electricity_pl336_variate_anchor_residual_pool_ratio0.30_k96_ortho0_seed2021_localnlinear_affine-persistence_a8ece2d669_iTransformer_custom_M_ft96_sl48_ll336_pl512_dm8_nh3_el1_dl512_df1_fctimeF_ebTrue_dtvr_projection_0,,
Electricity,720,variate_anchor_residual_pool,masked_linear,feature,,1,321,321,321,96,96,0.3,0.29906542056074764,0.29906542056074764,96,96,0.29906542056074764,0.29906542056074764,96,False,8,0.25,1.0,scalar,1.0,1.0,1.0,4,False,False,ratio,96,./results/anchor_maps/Electricity_k96_corr_medoid_top16_corrinit_p4_train.npz,325,100,4,0.3076923076923077,69.23076923076923,0.09467455621301776,90.53254437869822,val,0.20155358875094948,0.29081015526437326,0.4489472004044011,2.751133031122026,96926.68937008054,0.0,0.0,0.0,0.0,0.0,0.0,0.0,0.0,0.0,1635.715514421463,1099,1.4883671650786743,1993.9731237888336,952.1533203125,1164.0,952.1533203125,1.0,0,0.0,0.0,0.0,0.0,nlinear_affine,persistence,1.0,1.0263729095458984,success,2026-06-25 22:03:05,c2426e68ca13f74aaec08045c5c724d8ad328124,true,,,0,0,0,custom,./dataset/electricity/,electricity.csv,OT,h,2021,0,iTransformer,Electricity_pl720_variate_anchor_residual_pool_ratio0.30_k96_ortho0_seed2021_localnlinear_affine-persistence_7d4ae99e33,Electricity_pl720_variate_anchor_residual_pool_ratio0.30_k96_ortho0_seed2021_localnlinear_affine-persistence_7d4ae99e33_iTransformer_custom_M_ft96_sl48_ll720_pl512_dm8_nh3_el1_dl512_df1_fctimeF_ebTrue_dtvr_projection_0,96,48,3,512,512,16,0.0005,1,1,0,True,./checkpoints/Electricity_pl720_variate_anchor_residual_pool_ratio0.30_k96_ortho0_seed2021_localnlinear_affine-persistence_7d4ae99e33_iTransformer_custom_M_ft96_sl48_ll720_pl512_dm8_nh3_el1_dl512_df1_fctimeF_ebTrue_dtvr_projection_0,,
Traffic,336,variate_anchor_residual_pool,masked_linear,feature,,1,862,862,862,258,258,0.3,0.29930394431554525,0.29930394431554525,258,258,0.29930394431554525,0.29930394431554525,258,False,8,0.25,1.0,scalar,1.0,1.0,1.0,4,False,False,ratio,259,./results/anchor_maps/Traffic_k258_corr_medoid_top16_corrinit_p4_train.npz,866,262,4,0.302540415704388,69.7459584295612,0.0915307031345839,90.84692968654161,val,0.40579322037951326,0.293997914795808,0.6370190110032143,3.2213197272369527,185800.03266584652,0.0,0.0,0.0,0.0,0.0,0.0,0.0,0.0,0.0,1793.349199295044,740,2.4234448639122217,2209.9680840969086,2623.84130859375,3208.0,2623.84130859375,1.0,0,0.0,0.0,0.0,0.0,nlinear_affine,persistence,1.0,1.003392219543457,success,2026-06-25 22:40:00,c2426e68ca13f74aaec08045c5c724d8ad328124,true,,,0,0,0,custom,./dataset/traffic/,traffic.csv,OT,h,2021,0,iTransformer,Traffic_pl336_variate_anchor_residual_pool_ratio0.30_k258_ortho0_seed2021_localnlinear_affine-persistence_mas_ca2128f6d9,Traffic_pl336_variate_anchor_residual_pool_ratio0.30_k258_ortho0_seed2021_localnlinear_affine-persistence_mas_ca2128f6d9_iTransformer_custom_M_ft96_sl48_ll336_pl512_dm8_nh4_el1_dl512_df1_fctimeF_ebTrue_dtvr_projection_0,96,48,4,512,512,16,0.001,1,1,0,True,./checkpoints/Traffic_pl336_variate_anchor_residual_pool_ratio0.30_k258_ortho0_seed2021_localnlinear_affine-persistence_mas_ca2128f6d9_iTransformer_custom_M_ft96_sl48_ll336_pl512_dm8_nh4_el1_dl512_df1_fctimeF_ebTrue_dtvr_projection_0,,
Traffic,720,variate_anchor_residual_pool,masked_linear,feature,,1,862,862,862,258,258,0.3,0.29930394431554525,0.29930394431554525,258,258,0.29930394431554525,0.29930394431554525,258,False,8,0.25,1.0,scalar,1.0,1.0,1.0,4,False,False,ratio,259,./results/anchor_maps/Traffic_k258_corr_medoid_top16_corrinit_p4_train.npz,866,262,4,0.302540415704388,69.7459584295612,0.0915307031345839,90.84692968654161,val,0.4520606605870322,0.3041734906412146,0.6723545646361243,3.320778058258981,200241.48781916764,0.0,0.0,0.0,0.0,0.0,0.0,0.0,0.0,0.0,1552.8419370651245,716,2.168773655118889,1809.8908133506775,2730.3193359375,3278.0,2730.3193359375,1.0,0,0.0,0.0,0.0,0.0,nlinear_affine,persistence,1.0,1.002040982246399,success,2026-06-25 23:10:15,c2426e68ca13f74aaec08045c5c724d8ad328124,true,,,0,0,0,custom,./dataset/traffic/,traffic.csv,OT,h,2021,0,iTransformer,Traffic_pl720_variate_anchor_residual_pool_ratio0.30_k258_ortho0_seed2021_localnlinear_affine-persistence_mas_9abc637c34,Traffic_pl720_variate_anchor_residual_pool_ratio0.30_k258_ortho0_seed2021_localnlinear_affine-persistence_mas_9abc637c34_iTransformer_custom_M_ft96_sl48_ll720_pl512_dm8_nh4_el1_dl512_df1_fctimeF_ebTrue_dtvr_projection_0,96,48,4,512,512,16,0.001,1,1,0,True,./checkpoints/Traffic_pl720_variate_anchor_residual_pool_ratio0.30_k258_ortho0_seed2021_localnlinear_affine-persistence_mas_9abc637c34_iTransformer_custom_M_ft96_sl48_ll720_pl512_dm8_nh4_el1_dl512_df1_fctimeF_ebTrue_dtvr_projection_0,,
Solar,720,variate_anchor_residual_pool,masked_linear,feature,,1,137,137,137,41,41,0.3,0.29927007299270075,0.29927007299270075,41,41,0.29927007299270075,0.29927007299270075,41,False,8,0.25,1.0,scalar,1.0,1.0,1.0,4,False,False,ratio,41,./results/anchor_maps/Solar_k41_corr_medoid_top16_corrinit_p4_train.npz,137,41,0,0.29927007299270075,70.07299270072993,0.08956257658905643,91.04374234109436,val,0.220505213866373,0.28402546714822435,0.46957982693720246,1.8806211191171474,10864.50882649153,0.0,0.0,0.0,0.0,0.0,0.0,0.0,0.0,0.0,2501.3654901981354,1124,2.225414137186953,3168.072313785553,751.1064453125,932.0,751.1064453125,1.0,0,0.0,0.0,0.0,0.0,nlinear_affine,persistence,1.0,0.9842041730880737,success,2026-06-26 00:03:07,c2426e68ca13f74aaec08045c5c724d8ad328124,true,,,0,0,0,Solar,./dataset/Solar/,solar_AL.txt,none,t,2021,0,iTransformer,Solar_pl720_variate_anchor_residual_pool_ratio0.30_k41_ortho0_seed2021_localnlinear_affine-persistence_masked_c898367d6d,Solar_pl720_variate_anchor_residual_pool_ratio0.30_k41_ortho0_seed2021_localnlinear_affine-persistence_masked_c898367d6d_iTransformer_Solar_M_ft96_sl48_ll720_pl512_dm8_nh2_el1_dl512_df1_fctimeF_ebTrue_dtvr_projection_0,96,48,2,512,512,32,0.0005,1,1,0,True,./checkpoints/Solar_pl720_variate_anchor_residual_pool_ratio0.30_k41_ortho0_seed2021_localnlinear_affine-persistence_masked_c898367d6d_iTransformer_Solar_M_ft96_sl48_ll720_pl512_dm8_nh2_el1_dl512_df1_fctimeF_ebTrue_dtvr_projection_0,,
