dataset,pred_len,k_label,actual_k_ratio,reduced_variate_k,mse_ratio,mae_ratio,slot_diagnostic_dir,cycle_loss,weighted_cycle_loss,cycle_current_weight,cycle_topr_jaccard,cycle_a_effective_support,cycle_b_effective_support,cycle_slot_overlap,cycle_topr_size,A_shape,B_shape,W_shape,A_eff_mean,A_top1_mean,A_top5_mean,A_row_top5_overlap,A_row_cosine,B_eff_mean,B_top1_mean,B_top5_mean,W_eff_support_mean,W_top1_mean,W_top5_mean,W_density_gt1e-4,W_diag_mass_mean
Weather,96,0.095,0.0952380952380952,2,1.15572997882991,1.1829782195262162,./results/Weather_pl96_mlp_slot_attention_ratio0.10_k2_ortho0_seed2021_slot_learned_linear_cycle0.01_cw0.2_iTransformer_custom_M_ft96_sl48_ll96_pl512_dm8_nh3_el1_dl512_df1_fctimeF_ebTrue_dtvr_projection_0/slot_diagnostics,0.71365876462031,0.0071365874903487,0.0099999997764825,0.3345588445663452,18.035032272338867,17.069520950317383,0.0909090936183929,11.0,"(2, 21)","(2, 21)","(21, 21)",16.64314952284363,0.08203844393265658,0.3882367080301258,0.0,0.5988508727434322,15.12498509667346,0.11640661761542509,0.4408830154747978,17.915015430372087,0.07527282090875886,0.35444468570969756,1.0,0.03910402707982731
Weather,96,0.190,0.1904761904761904,4,1.1043212645806741,1.1321422354869828,./results/Weather_pl96_mlp_slot_attention_ratio0.20_k4_ortho0_seed2021_slot_learned_linear_cycle0.01_cw0.2_iTransformer_custom_M_ft96_sl48_ll96_pl512_dm8_nh3_el1_dl512_df1_fctimeF_ebTrue_dtvr_projection_0/slot_diagnostics,0.8928605311308023,0.0089286051123333,0.0099999997764825,0.2121212184429168,16.416711807250977,15.887187957763672,0.3333333432674408,6.0,"(4, 21)","(4, 21)","(21, 21)",14.397513135830975,0.10746384189557007,0.4814745464444068,0.20370370370370372,0.6593659580331594,13.55878250460946,0.12923930684021778,0.5013249245396312,16.333882837825257,0.09624215871366884,0.40937242123811535,0.9977324263038548,0.04751934509950412
Weather,96,0.286,0.2857142857142857,6,1.0841513944243482,1.1164596798457544,./results/Weather_pl96_mlp_slot_attention_ratio0.30_k6_ortho0_seed2021_slot_learned_linear_cycle0.01_cw0.2_iTransformer_custom_M_ft96_sl48_ll96_pl512_dm8_nh3_el1_dl512_df1_fctimeF_ebTrue_dtvr_projection_0/slot_diagnostics,0.8003590664522394,0.0080035904749096,0.0099999997764825,0.071428582072258,16.500797271728516,16.844589233398438,0.1833333373069763,4.0,"(6, 21)","(6, 21)","(21, 21)",14.933354395681185,0.1158783761893201,0.4394991163682998,0.14338624338624337,0.6605089573964108,15.11320463665155,0.10770419446545382,0.4394598640349818,15.631923285239333,0.11477927246182765,0.4163224534892442,1.0,0.03998496062244211
Weather,192,0.095,0.0952380952380952,2,1.1261828531594391,1.1251774687824787,./results/Weather_pl192_mlp_slot_attention_ratio0.10_k2_ortho0_seed2021_slot_learned_linear_cycle0.01_cw0.2_iTransformer_custom_M_ft96_sl48_ll192_pl512_dm8_nh3_el1_dl512_df1_fctimeF_ebTrue_dtvr_projection_0/slot_diagnostics,0.7051662276006017,0.0070516621255603,0.0099999997764825,0.4666666686534881,13.332311630249023,17.14388656616211,0.4545454680919647,11.0,"(2, 21)","(2, 21)","(21, 21)",12.475212744437874,0.21094089618239864,0.5859388107595127,0.1111111111111111,0.449097175777498,15.166682138756242,0.11424893179325857,0.4401229228586207,10.334829062505849,0.22419237685659998,0.5787175797463542,1.0,0.057432489543627625
Weather,192,0.190,0.1904761904761904,4,1.0982964620739597,1.0940746337691996,./results/Weather_pl192_mlp_slot_attention_ratio0.20_k4_ortho0_seed2021_slot_learned_linear_cycle0.01_cw0.2_iTransformer_custom_M_ft96_sl48_ll192_pl512_dm8_nh3_el1_dl512_df1_fctimeF_ebTrue_dtvr_projection_0/slot_diagnostics,0.8403648138046265,0.0084036479566379,0.0099999997764825,0.2666666805744171,15.714401245117188,15.934799194335938,0.2777777910232544,6.0,"(4, 21)","(4, 21)","(21, 21)",14.262232832127383,0.14673856138627409,0.4929497529132546,0.25,0.5764122505599634,13.510725612482096,0.13243311721028636,0.5020074454497963,15.112431176964051,0.13114384997267603,0.44557472215709054,1.0,0.04875742852400129
Weather,192,0.286,0.2857142857142857,6,1.0699519982616505,1.0764535583883437,./results/Weather_pl192_mlp_slot_attention_ratio0.30_k6_ortho0_seed2021_slot_learned_linear_cycle0.01_cw0.2_iTransformer_custom_M_ft96_sl48_ll192_pl512_dm8_nh3_el1_dl512_df1_fctimeF_ebTrue_dtvr_projection_0/slot_diagnostics,0.8690057416704801,0.0086900572180878,0.0099999997764825,0.2349206507205963,15.759608268737791,16.89794921875,0.2333333492279052,4.0,"(6, 21)","(6, 21)","(21, 21)",13.290915442314548,0.14778328707452384,0.5053313628947999,0.22566137566137565,0.581623499258947,15.059305970341773,0.10683547700386531,0.442396012356036,14.741620463757112,0.1329388465409083,0.46690842057532,1.0,0.05453612923486558
Weather,336,0.095,0.0952380952380952,2,1.0722085050159622,1.068507174006843,./results/Weather_pl336_mlp_slot_attention_ratio0.10_k2_ortho0_seed2021_slot_learned_linear_cycle0.01_cw0.2_iTransformer_custom_M_ft96_sl48_ll336_pl512_dm8_nh3_el1_dl512_df1_fctimeF_ebTrue_dtvr_projection_0/slot_diagnostics,0.719332974871802,0.0071933295907284,0.0099999997764825,0.4327731132507324,17.760887145996094,17.233022689819336,0.5454545617103577,11.0,"(2, 21)","(2, 21)","(21, 21)",16.391185704370656,0.0924965459598243,0.3815409407894911,0.0,0.6198201297933262,15.231210954503984,0.11267356948776969,0.43978604316408076,16.580676715905735,0.10174881980511855,0.4064100501530445,0.9977324263038548,0.04516879835775521
Weather,336,0.190,0.1904761904761904,4,1.056435828704315,1.0571058014219448,./results/Weather_pl336_mlp_slot_attention_ratio0.20_k4_ortho0_seed2021_slot_learned_linear_cycle0.01_cw0.2_iTransformer_custom_M_ft96_sl48_ll336_pl512_dm8_nh3_el1_dl512_df1_fctimeF_ebTrue_dtvr_projection_0/slot_diagnostics,0.7659855873256111,0.0076598557022165,0.0099999997764825,0.3000000119209289,16.156723022460938,15.977506637573242,0.3333333432674408,6.0,"(4, 21)","(4, 21)","(21, 21)",14.952265308669348,0.14431836620845886,0.4879679043926742,0.30952380952380953,0.6347667911626507,13.544341711741243,0.13140442317539514,0.499567092971268,13.27478468530181,0.15311245491041953,0.5009711712648065,1.0,0.051786572701023034
Weather,336,0.286,0.2857142857142857,6,1.0277956655228715,1.0362997762989898,./results/Weather_pl336_mlp_slot_attention_ratio0.30_k6_ortho0_seed2021_slot_learned_linear_cycle0.01_cw0.2_iTransformer_custom_M_ft96_sl48_ll336_pl512_dm8_nh3_el1_dl512_df1_fctimeF_ebTrue_dtvr_projection_0/slot_diagnostics,0.8381167413688104,0.0083811672304653,0.0099999997764825,0.1349206417798996,15.109952926635742,16.752685546875,0.2166666835546493,4.0,"(6, 21)","(6, 21)","(21, 21)",13.311903872059093,0.14722753893308776,0.5203804326903044,0.1693121693121693,0.5563338976236173,14.926866250518804,0.10818985598780595,0.4474204843529881,13.893104431593821,0.14781684893869287,0.49468771833227293,1.0,0.05303858722821856
Weather,720,0.095,0.0952380952380952,2,1.0313087006653419,1.031409224796016,./results/Weather_pl720_mlp_slot_attention_ratio0.10_k2_ortho0_seed2021_slot_learned_linear_cycle0.01_cw0.2_iTransformer_custom_M_ft96_sl48_ll720_pl512_dm8_nh3_el1_dl512_df1_fctimeF_ebTrue_dtvr_projection_0/slot_diagnostics,0.6956908094110802,0.0069569079325217,0.0099999997764825,0.2986111044883728,16.006484985351562,17.25867462158203,0.3636363744735718,11.0,"(2, 21)","(2, 21)","(21, 21)",14.29392550889123,0.12217394368455375,0.4690481794169383,0.0,0.5172834840518784,15.234483189458867,0.1128035260472485,0.44047424217387643,15.169691266576589,0.1185306588777111,0.4419032389683227,1.0,0.04844436731614393
Weather,720,0.190,0.1904761904761904,4,1.0125700671338969,1.0166567060453426,./results/Weather_pl720_mlp_slot_attention_ratio0.20_k4_ortho0_seed2021_slot_learned_linear_cycle0.01_cw0.2_iTransformer_custom_M_ft96_sl48_ll720_pl512_dm8_nh3_el1_dl512_df1_fctimeF_ebTrue_dtvr_projection_0/slot_diagnostics,0.8455615679881376,0.0084556155005914,0.0099999997764825,0.2060606181621551,16.167831420898438,15.921392440795898,0.3611111342906952,6.0,"(4, 21)","(4, 21)","(21, 21)",13.68321341749633,0.1241890454176656,0.49244792703443274,0.25396825396825395,0.6392815128126496,13.819502490941723,0.12079616535817875,0.4823400883391195,15.24644562837798,0.11649833120881621,0.44508261392903087,1.0,0.04037416211782842
Weather,720,0.286,0.2857142857142857,6,1.0143032122886844,1.015756074183657,./results/Weather_pl720_mlp_slot_attention_ratio0.30_k6_ortho0_seed2021_slot_learned_linear_cycle0.01_cw0.2_iTransformer_custom_M_ft96_sl48_ll720_pl512_dm8_nh3_el1_dl512_df1_fctimeF_ebTrue_dtvr_projection_0/slot_diagnostics,0.8531873137314127,0.0085318729499588,0.0099999997764825,0.2904762029647827,15.42546844482422,17.113819122314453,0.25,4.0,"(6, 21)","(6, 21)","(21, 21)",13.301936731950436,0.12036275329730821,0.505617101220644,0.24444444444444444,0.5964332400697206,15.313771793598052,0.10486370362318538,0.43610014265657643,15.219300921059467,0.11250683523963663,0.4472561148097907,1.0,0.05694174030938419
Electricity,96,0.100,0.0996884735202492,32,1.2212949845701504,1.1927716921340057,./results/Electricity_pl96_mlp_slot_attention_ratio0.10_k32_ortho0_seed2021_slot_learned_linear_cycle0.01_cw0.2_iTransformer_custom_M_ft96_sl48_ll96_pl512_dm8_nh3_el1_dl512_df1_fctimeF_ebTrue_dtvr_projection_0/slot_diagnostics,0.6854589484592732,0.0068545893402622,0.0099999997764825,0.0684236586093902,243.61697387695312,256.8222045898437,0.1827346086502075,11.0,"(32, 321)","(32, 321)","(321, 321)",216.53525319486647,0.012765790961366166,0.05642290114441204,0.09423803123399897,0.6898532058590398,226.67452903269992,0.008948314264302518,0.03897437935262293,215.0675199742714,0.012684224752706353,0.05717163571707664,0.9845304296348055,0.0033703078117215683
Electricity,96,0.199,0.1993769470404984,64,1.2132611705910925,1.1877171230488057,./results/Electricity_pl96_mlp_slot_attention_ratio0.20_k64_ortho0_seed2021_slot_learned_linear_cycle0.01_cw0.2_iTransformer_custom_M_ft96_sl48_ll96_pl512_dm8_nh3_el1_dl512_df1_fctimeF_ebTrue_dtvr_projection_0/slot_diagnostics,0.4604478984390285,0.0046044788777546,0.0099999997764825,0.1340909153223037,232.7198181152344,258.3991394042969,0.1213624402880668,6.0,"(64, 321)","(64, 321)","(321, 321)",196.45122510447078,0.026917234862384565,0.0965372098931998,0.07863677878558831,0.6058388933397243,229.05421585717204,0.00881513342390091,0.03652132550746675,166.95949617368336,0.028960145231615615,0.10017191096001068,0.9826476839316388,0.004977432385927029
Electricity,96,0.299,0.2990654205607476,96,1.1965000405558546,1.1775323269119724,./results/Electricity_pl96_mlp_slot_attention_ratio0.30_k96_ortho0_seed2021_slot_learned_linear_cycle0.01_cw0.2_iTransformer_custom_M_ft96_sl48_ll96_pl512_dm8_nh3_el1_dl512_df1_fctimeF_ebTrue_dtvr_projection_0/slot_diagnostics,0.4493224064055143,0.0044932239635737,0.0099999997764825,0.1545634865760803,226.3335418701172,258.3783569335937,0.1188048273324966,4.0,"(96, 321)","(96, 321)","(321, 321)",189.85897326354416,0.03603617391337497,0.1155635080907967,0.08431843497632971,0.5818052347753524,228.8101661813894,0.009056664467358637,0.037163247593909515,140.9065729230016,0.0413280136955327,0.12860400707007144,0.9813084112149533,0.005074116411888548
Electricity,192,0.100,0.0996884735202492,32,1.1990869744316293,1.1727434978614948,./results/Electricity_pl192_mlp_slot_attention_ratio0.10_k32_ortho0_seed2021_slot_learned_linear_cycle0.01_cw0.2_iTransformer_custom_M_ft96_sl48_ll192_pl512_dm8_nh3_el1_dl512_df1_fctimeF_ebTrue_dtvr_projection_0/slot_diagnostics,0.5003251480761349,0.0050032513611867,0.0099999997764825,0.1568948775529861,217.4112243652344,253.8411865234375,0.0978739038109779,11.0,"(32, 321)","(32, 321)","(321, 321)",186.02387525405103,0.02860458742238333,0.09766153176020104,0.05102726574500768,0.5479253277560125,222.83213060707754,0.009090736436285177,0.04026744842776324,157.40056580024293,0.03492883294147938,0.10799578151003643,0.977872885550412,0.006135394435464567
Electricity,192,0.199,0.1993769470404984,64,1.1828989786703148,1.1641702200782802,./results/Electricity_pl192_mlp_slot_attention_ratio0.20_k64_ortho0_seed2021_slot_learned_linear_cycle0.01_cw0.2_iTransformer_custom_M_ft96_sl48_ll192_pl512_dm8_nh3_el1_dl512_df1_fctimeF_ebTrue_dtvr_projection_0/slot_diagnostics,0.4801882205024204,0.0048018821001763,0.0099999997764825,0.1285984814167022,219.51495361328125,258.8659362792969,0.0929232910275459,6.0,"(64, 321)","(64, 321)","(321, 321)",178.7279185963609,0.021208094249226987,0.07749181577035949,0.06175201562106324,0.5624801563730408,230.52402171918095,0.007766673277140733,0.034670258777174,189.04189908414722,0.022803896261151264,0.07119497483151303,0.9814248697120563,0.004604490708996227
Electricity,192,0.299,0.2990654205607476,96,1.1727767672381377,1.156053686966555,./results/Electricity_pl192_mlp_slot_attention_ratio0.30_k96_ortho0_seed2021_slot_learned_linear_cycle0.01_cw0.2_iTransformer_custom_M_ft96_sl48_ll192_pl512_dm8_nh3_el1_dl512_df1_fctimeF_ebTrue_dtvr_projection_0/slot_diagnostics,0.4256144859186331,0.0042561447667862,0.0099999997764825,0.1733134984970092,197.9906005859375,257.9332580566406,0.0955043882131576,4.0,"(96, 321)","(96, 321)","(321, 321)",164.00581168898938,0.0437440856092234,0.13567980040830283,0.06966809384572543,0.49514032554411525,228.14464762984008,0.009160934248014767,0.03759760667771131,120.44093802739242,0.04709327408819406,0.1414219186244903,0.9746896866295941,0.006283204312014328
Electricity,336,0.100,0.0996884735202492,32,1.1737331441384045,1.152868799095886,./results/Electricity_pl336_mlp_slot_attention_ratio0.10_k32_ortho0_seed2021_slot_learned_linear_cycle0.01_cw0.2_iTransformer_custom_M_ft96_sl48_ll336_pl512_dm8_nh3_el1_dl512_df1_fctimeF_ebTrue_dtvr_projection_0/slot_diagnostics,0.593794810432254,0.0059379479712669,0.0099999997764825,0.1665063798427581,216.8877410888672,254.92214965820312,0.1030058711767196,11.0,"(32, 321)","(32, 321)","(321, 321)",178.9769619753772,0.019745444190166064,0.07581373194804114,0.05237935227854583,0.5624660910982278,224.25013773416202,0.009078580868078528,0.03963292722969698,197.39028305187907,0.017935908654508784,0.06612852987453695,0.9802893993653012,0.005960381047767597
Electricity,336,0.199,0.1993769470404984,64,1.1631431395846719,1.1482703267623167,./results/Electricity_pl336_mlp_slot_attention_ratio0.20_k64_ortho0_seed2021_slot_learned_linear_cycle0.01_cw0.2_iTransformer_custom_M_ft96_sl48_ll336_pl512_dm8_nh3_el1_dl512_df1_fctimeF_ebTrue_dtvr_projection_0/slot_diagnostics,0.4780941551164761,0.0047809414379796,0.0099999997764825,0.1497361958026886,219.68484497070312,259.846435546875,0.0757275149226188,6.0,"(64, 321)","(64, 321)","(321, 321)",178.81202859292216,0.021377412876544127,0.07815315955952273,0.05260495401864449,0.5674179341969458,231.71489089927,0.0079312863253316,0.03482479072798222,195.32182562549872,0.021133683962949856,0.06897453059464946,0.9801535311186809,0.004815385039570708
Electricity,336,0.299,0.2990654205607476,96,1.1759404712759065,1.1542316119348215,./results/Electricity_pl336_mlp_slot_attention_ratio0.30_k96_ortho0_seed2021_slot_learned_linear_cycle0.01_cw0.2_iTransformer_custom_M_ft96_sl48_ll336_pl512_dm8_nh3_el1_dl512_df1_fctimeF_ebTrue_dtvr_projection_0/slot_diagnostics,0.4142689189259112,0.0041426890923617,0.0099999997764825,0.1979166716337204,189.0468597412109,257.6893920898437,0.0856359675526619,4.0,"(96, 321)","(96, 321)","(321, 321)",153.961372436993,0.05680259377981095,0.13890643159572758,0.06259572542467279,0.45816001583147137,227.85610808406454,0.009085584022046234,0.037593349572364924,108.9822551353164,0.0739019037206495,0.14785588946243297,0.9736609699051834,0.006399273308357967
Electricity,720,0.100,0.0996884735202492,32,1.106765380705205,1.1115013084694856,./results/Electricity_pl720_mlp_slot_attention_ratio0.10_k32_ortho0_seed2021_slot_learned_linear_cycle0.01_cw0.2_iTransformer_custom_M_ft96_sl48_ll720_pl512_dm8_nh3_el1_dl512_df1_fctimeF_ebTrue_dtvr_projection_0/slot_diagnostics,0.5428135978080013,0.0054281358594401,0.0099999997764825,0.1568489670753479,207.63851928710935,256.1917724609375,0.1354472041130066,11.0,"(32, 321)","(32, 321)","(321, 321)",174.72428148897686,0.03639882150101208,0.101969066653107,0.06978046594982078,0.5166242163760943,225.94605283501656,0.008741763636748237,0.03890466388608581,133.55547732287528,0.05523929084778081,0.12306720987053664,0.978561931658272,0.006063164370265673
Electricity,720,0.199,0.1993769470404984,64,1.102135065787548,1.109700583288971,./results/Electricity_pl720_mlp_slot_attention_ratio0.20_k64_ortho0_seed2021_slot_learned_linear_cycle0.01_cw0.2_iTransformer_custom_M_ft96_sl48_ll720_pl512_dm8_nh3_el1_dl512_df1_fctimeF_ebTrue_dtvr_projection_0/slot_diagnostics,0.4879627222630845,0.0048796271073129,0.0099999997764825,0.1477746218442917,192.23895263671875,257.92596435546875,0.1204530522227287,6.0,"(64, 321)","(64, 321)","(321, 321)",157.77784224498913,0.04761482360211226,0.13196509984197727,0.09370472726127488,0.46874001645916497,229.11850904207282,0.00812627331066051,0.035739314310113,108.47621073326953,0.06763733322626947,0.14469279216913847,0.9764268592113818,0.006813353956226544
Electricity,720,0.299,0.2990654205607476,96,1.0817017295683442,1.0972729247611386,./results/Electricity_pl720_mlp_slot_attention_ratio0.30_k96_ortho0_seed2021_slot_learned_linear_cycle0.01_cw0.2_iTransformer_custom_M_ft96_sl48_ll720_pl512_dm8_nh3_el1_dl512_df1_fctimeF_ebTrue_dtvr_projection_0/slot_diagnostics,0.4609033541586098,0.0046090334353017,0.0099999997764825,0.2002976387739181,180.9290008544922,258.1036071777344,0.0972587764263153,4.0,"(96, 321)","(96, 321)","(321, 321)",145.17988867338437,0.04854852734604592,0.13686959060981563,0.07921365914786968,0.4369113665042182,229.04194805723327,0.00827103385767331,0.036264656239813314,115.492283767692,0.06290838063332523,0.1387878539520744,0.9729525140478062,0.006195471138596188
Traffic,96,0.100,0.099767981438515,86,3.0975485492278496,2.4812086514158462,./results/Traffic_pl96_mlp_slot_attention_ratio0.10_k86_ortho0_seed2021_slot_learned_linear_cycle0.01_cw0.2_iTransformer_custom_M_ft96_sl48_ll96_pl512_dm8_nh4_el1_dl512_df1_fctimeF_ebTrue_dtvr_projection_0/slot_diagnostics,1.8407821686852055,0.0184078212827444,0.0099999997764825,0.0056478409096598,3.3983190059661865,704.4480590820312,0.1306553930044174,11.0,"(86, 862)","(86, 862)","(862, 862)",2.199985854210499,0.7622257488190745,0.9569047137487244,0.07496362886239767,0.0669887772829793,633.3551375719268,0.0027643834193362875,0.013210743459836858,20.651577622917127,0.1267181860671508,0.40279992035752743,0.18030022448199567,0.0007796753422799948
Traffic,96,0.200,0.1995359628770301,172,3.0293012037559137,2.409091944260493,./results/Traffic_pl96_mlp_slot_attention_ratio0.20_k172_ortho0_seed2021_slot_learned_linear_cycle0.01_cw0.2_iTransformer_custom_M_ft96_sl48_ll96_pl512_dm8_nh4_el1_dl512_df1_fctimeF_ebTrue_dtvr_projection_0/slot_diagnostics,1.8034753442600076,0.0180347530405647,0.0099999997764825,0.0089852008968591,1.667827844619751,694.0186157226562,0.1114284396171569,6.0,"(172, 862)","(172, 862)","(862, 862)",1.3480317992033481,0.9140657388107022,0.9867786433399286,0.07284441724466205,0.08747375520827642,618.5568320936196,0.0026500270806163514,0.012863582237875718,14.31877264680292,0.15448008890622375,0.5084958117653857,0.13581833646459698,0.0010110499479080214
Traffic,96,0.299,0.2993039443155452,258,3.5935626404077188,2.9840272176007274,./results/Traffic_pl96_mlp_slot_attention_ratio0.30_k258_ortho0_seed2021_slot_learned_linear_cycle0.01_cw0.2_iTransformer_custom_M_ft96_sl48_ll96_pl512_dm8_nh4_el1_dl512_df1_fctimeF_ebTrue_dtvr_projection_0/slot_diagnostics,1.5183238248951387,0.0151832379302046,0.0099999997764825,0.0166112966835498,12.106951713562012,744.1185913085938,0.1316019594669342,4.0,"(258, 862)","(258, 862)","(862, 862)",6.829758704071021,0.716857348844282,0.8960115001214001,0.09708415384372311,0.10590548415888278,687.5005164723867,0.0019188756263168,0.009593504726531922,26.105884354481187,0.12279876465554473,0.3642345311115134,0.42448764810697615,0.0010343066974065219
Traffic,192,0.100,0.099767981438515,86,1.7637916271053913,1.548483124078099,./results/Traffic_pl192_mlp_slot_attention_ratio0.10_k86_ortho0_seed2021_slot_learned_linear_cycle0.01_cw0.2_iTransformer_custom_M_ft96_sl48_ll192_pl512_dm8_nh4_el1_dl512_df1_fctimeF_ebTrue_dtvr_projection_0/slot_diagnostics,1.8470225590411748,0.0184702251121421,0.0099999997764825,0.0117386495694518,427.8838195800781,700.166259765625,0.1358288824558258,11.0,"(86, 862)","(86, 862)","(862, 862)",300.1409887055951,0.015929645340490187,0.06025559979461749,0.06399583089049574,0.45041727308133184,628.7779125572255,0.0030563312895666673,0.014548498928572682,385.87421942571035,0.01215098487386287,0.047457571880630295,0.926036681542412,0.0016968910912481372
Traffic,192,0.200,0.1995359628770301,172,3.4318665430056288,2.90199902537468,./results/Traffic_pl192_mlp_slot_attention_ratio0.20_k172_ortho0_seed2021_slot_learned_linear_cycle0.01_cw0.2_iTransformer_custom_M_ft96_sl48_ll192_pl512_dm8_nh4_el1_dl512_df1_fctimeF_ebTrue_dtvr_projection_0/slot_diagnostics,1.616994986228535,0.016169949483191,0.0099999997764825,0.0052854125387966,3.52649450302124,718.8796997070312,0.2090756744146347,6.0,"(172, 862)","(172, 862)","(862, 862)",2.2720433747977125,0.7735351741921163,0.9417192361847796,0.1555428191495103,0.203248382624841,653.2580721792951,0.002268026148511282,0.01123334635011671,13.38068603180907,0.21689422323179502,0.506757722133764,0.19482964669656172,0.001245797181342476
Traffic,192,0.299,0.2993039443155452,258,1.7169497582238922,1.5392258391437559,./results/Traffic_pl192_mlp_slot_attention_ratio0.30_k258_ortho0_seed2021_slot_learned_linear_cycle0.01_cw0.2_iTransformer_custom_M_ft96_sl48_ll192_pl512_dm8_nh4_el1_dl512_df1_fctimeF_ebTrue_dtvr_projection_0/slot_diagnostics,1.6181524603643789,0.016181524233701,0.0099999997764825,0.0049833892844617,427.7947998046875,704.0474853515625,0.107901245355606,4.0,"(258, 862)","(258, 862)","(862, 862)",307.91181829980974,0.0471760237555123,0.11655771251521518,0.07201986556796076,0.3923803042558183,634.707609440172,0.0029400738814356607,0.014038724094297341,230.5793654696828,0.048265247776938504,0.11797249642327345,0.931537028762765,0.0013887739419504838
Traffic,336,0.100,0.099767981438515,86,2.86309719648205,2.408192081877547,./results/Traffic_pl336_mlp_slot_attention_ratio0.10_k86_ortho0_seed2021_slot_learned_linear_cycle0.01_cw0.2_iTransformer_custom_M_ft96_sl48_ll336_pl512_dm8_nh4_el1_dl512_df1_fctimeF_ebTrue_dtvr_projection_0/slot_diagnostics,1.8461503571755176,0.0184615031614698,0.0099999997764825,0.0060908086597919,171.26844787597656,700.866943359375,0.1127471700310707,11.0,"(86, 862)","(86, 862)","(862, 862)",106.19247077007259,0.15082246579638772,0.29995622631270175,0.052435237660955855,0.21888369237805455,629.5052365410128,0.0030335582904127516,0.014394455676744812,69.35430068307119,0.0914230775389021,0.2162632924626843,0.8390929743056939,0.0009786406941032974
Traffic,336,0.200,0.1995359628770301,172,3.3813488856580767,2.856476671443935,./results/Traffic_pl336_mlp_slot_attention_ratio0.20_k172_ortho0_seed2021_slot_learned_linear_cycle0.01_cw0.2_iTransformer_custom_M_ft96_sl48_ll336_pl512_dm8_nh4_el1_dl512_df1_fctimeF_ebTrue_dtvr_projection_0/slot_diagnostics,1.4286855887722325,0.0142868555503318,0.0099999997764825,0.0117336148396134,20.673015594482425,756.301513671875,0.108640469610691,6.0,"(172, 862)","(172, 862)","(862, 862)",10.517779472147126,0.5958123330936627,0.8198955004238466,0.07042665880895176,0.10426505377147298,704.6576846913428,0.0018171578160192838,0.009085461847454752,25.82600738347974,0.13182394456604007,0.37387574244416216,0.5536024784534967,0.001067254879082778
Traffic,336,0.299,0.2993039443155452,258,1.7676834189509874,1.491884844422336,./results/Traffic_pl336_mlp_slot_attention_ratio0.30_k258_ortho0_seed2021_slot_learned_linear_cycle0.01_cw0.2_iTransformer_custom_M_ft96_sl48_ll336_pl512_dm8_nh4_el1_dl512_df1_fctimeF_ebTrue_dtvr_projection_0/slot_diagnostics,1.6506958450819995,0.0165069580707397,0.0099999997764825,0.0062753786332905,273.9194030761719,703.1074829101562,0.1395424306392669,4.0,"(258, 862)","(258, 862)","(862, 862)",179.83434108244393,0.037054415132983756,0.14184659870434763,0.12167696284518292,0.3403981545587936,633.1498591111522,0.0029751443014603704,0.014204629918358398,220.3843029871658,0.025494438896696885,0.10089374332679016,0.8883874979139863,0.0010353029360994765
Traffic,720,0.100,0.099767981438515,86,2.9184196172408945,2.37965165717385,./results/Traffic_pl720_mlp_slot_attention_ratio0.10_k86_ortho0_seed2021_slot_learned_linear_cycle0.01_cw0.2_iTransformer_custom_M_ft96_sl48_ll720_pl512_dm8_nh4_el1_dl512_df1_fctimeF_ebTrue_dtvr_projection_0/slot_diagnostics,1.8730108356675623,0.0187301078795679,0.0099999997764825,0.0066998889669775,1.957872986793518,682.7781372070312,0.0906354933977127,11.0,"(86, 862)","(86, 862)","(862, 862)",1.5691053908466106,0.8510963722590293,0.9849474607303669,0.06399257377369552,0.08020602007275433,603.6020095049979,0.003164984039638318,0.014849212632346008,12.877673207331522,0.18560079931705187,0.5302048772253508,0.13139733313235824,0.0012673780889600303
Traffic,720,0.200,0.1995359628770301,172,1.6568310076642632,1.4720259887252234,./results/Traffic_pl720_mlp_slot_attention_ratio0.20_k172_ortho0_seed2021_slot_learned_linear_cycle0.01_cw0.2_iTransformer_custom_M_ft96_sl48_ll720_pl512_dm8_nh4_el1_dl512_df1_fctimeF_ebTrue_dtvr_projection_0/slot_diagnostics,1.7291502672866736,0.0172915022726581,0.0099999997764825,0.0021141648758202,322.7688293457031,701.7608642578125,0.0945419147610664,6.0,"(172, 862)","(172, 862)","(862, 862)",222.3658415837824,0.0188997071191481,0.07711364032214704,0.060932639523010805,0.3614947953184131,631.3027643455481,0.003020921816175789,0.014383513730395413,352.37675724740444,0.011465630529428533,0.04798622972400708,0.9070539564278831,0.000849071236798168
Traffic,720,0.299,0.2993039443155452,258,2.8715432072317606,2.322485470737999,./results/Traffic_pl720_mlp_slot_attention_ratio0.30_k258_ortho0_seed2021_slot_learned_linear_cycle0.01_cw0.2_iTransformer_custom_M_ft96_sl48_ll720_pl512_dm8_nh4_el1_dl512_df1_fctimeF_ebTrue_dtvr_projection_0/slot_diagnostics,1.6628180465884714,0.0166281800659883,0.0099999997764825,0.0116279078647494,2.3100273609161377,719.5526733398438,0.0951874628663063,4.0,"(258, 862)","(258, 862)","(862, 862)",1.8075662587589147,0.8688410060831533,0.9836113212244654,0.07249230240362264,0.09911405721191409,655.0151590381998,0.002178518333063644,0.010891464522238903,14.428217208705314,0.18057482487515467,0.49791769818927306,0.1853362654163145,0.0013982788121729686
Solar,96,0.102,0.1021897810218978,14,1.112293052035884,1.0706757856995515,./results/Solar_pl96_mlp_slot_attention_ratio0.10_k14_ortho0_seed2021_slot_learned_linear_cycle0.01_cw0.2_iTransformer_Solar_M_ft96_sl48_ll96_pl512_dm8_nh2_el1_dl512_df1_fctimeF_ebTrue_dtvr_projection_0/slot_diagnostics,0.740503111014946,0.0074050309403766,0.0099999997764825,0.0472750514745712,29.395919799804688,112.35325622558594,0.9274725914001464,10.0,"(14, 137)","(14, 137)","(137, 137)",16.664800442113293,0.13917883306510798,0.5236615242924968,0.8628990057561488,0.9328121099839786,100.2482468518314,0.01894828461667558,0.08402642789184389,15.083189788197764,0.13946084833468989,0.5156940357265682,0.9846022697000373,0.007986079911271954
Solar,96,0.197,0.1970802919708029,27,1.0821558735321137,1.0422871144589243,./results/Solar_pl96_mlp_slot_attention_ratio0.20_k27_ortho0_seed2021_slot_learned_linear_cycle0.01_cw0.2_iTransformer_Solar_M_ft96_sl48_ll96_pl512_dm8_nh2_el1_dl512_df1_fctimeF_ebTrue_dtvr_projection_0/slot_diagnostics,0.7022143758292377,0.0070221435925609,0.0099999997764825,0.0417508445680141,28.7319450378418,114.3505859375,0.8418803215026855,6.0,"(27, 137)","(27, 137)","(137, 137)",17.450296567817063,0.14917023492256196,0.5501902306343225,0.6997693664360332,0.9104532478918947,103.49376448388375,0.01566926202211267,0.07248880938088244,14.290106492160048,0.14517323547556943,0.5306430828088412,0.9641962811018169,0.00770884512336226
Solar,96,0.299,0.2992700729927007,41,1.0967035954072986,1.0513086268572522,./results/Solar_pl96_mlp_slot_attention_ratio0.30_k41_ortho0_seed2021_slot_learned_linear_cycle0.01_cw0.2_iTransformer_Solar_M_ft96_sl48_ll96_pl512_dm8_nh2_el1_dl512_df1_fctimeF_ebTrue_dtvr_projection_0/slot_diagnostics,0.7250920937755915,0.0072509207708185,0.0099999997764825,0.0209059230983257,30.411510467529297,114.8786392211914,0.7859756350517273,4.0,"(41, 137)","(41, 137)","(137, 137)",18.458188693476142,0.15414127309356515,0.5325415698696292,0.7566202090592334,0.8998743949678669,104.12002234391223,0.014811669398938554,0.07161651869335459,16.0423723714299,0.13994846040943698,0.4986304559336263,0.9784751451862113,0.008264794686390346
Solar,192,0.102,0.1021897810218978,14,1.0703811389355453,1.0382719415072474,./results/Solar_pl192_mlp_slot_attention_ratio0.10_k14_ortho0_seed2021_slot_learned_linear_cycle0.01_cw0.2_iTransformer_Solar_M_ft96_sl48_ll192_pl512_dm8_nh2_el1_dl512_df1_fctimeF_ebTrue_dtvr_projection_0/slot_diagnostics,0.7541251558483693,0.0075412513867935,0.0099999997764825,0.0510344542562961,74.44463348388672,113.03379821777344,0.5263736844062805,10.0,"(14, 137)","(14, 137)","(137, 137)",55.47560143001734,0.05651855532478219,0.2135722447273867,0.3168934240362811,0.7226216084340955,101.55294525625717,0.01819921036879177,0.08065991085618686,59.621817673025205,0.05092673376923214,0.18599589791952284,0.9892375725931056,0.007163795245427752
Solar,192,0.197,0.1970802919708029,27,1.0591005542259042,1.0271119557683037,./results/Solar_pl192_mlp_slot_attention_ratio0.20_k27_ortho0_seed2021_slot_learned_linear_cycle0.01_cw0.2_iTransformer_Solar_M_ft96_sl48_ll192_pl512_dm8_nh2_el1_dl512_df1_fctimeF_ebTrue_dtvr_projection_0/slot_diagnostics,0.7421019815039216,0.0074210196516983,0.0099999997764825,0.006734007038176,66.11791229248047,114.41259002685548,0.3385564982891083,6.0,"(27, 137)","(27, 137)","(137, 137)",46.9041795528574,0.0609053112285431,0.2304448510996685,0.23602631935965268,0.649176464920911,103.89917105891564,0.015348568432901897,0.07105990942963622,60.771487731824415,0.039415750474743584,0.16931355661566838,0.9743193563855294,0.006514553218553794
Solar,192,0.299,0.2992700729927007,41,1.0586308363138044,1.0271339565739879,./results/Solar_pl192_mlp_slot_attention_ratio0.30_k41_ortho0_seed2021_slot_learned_linear_cycle0.01_cw0.2_iTransformer_Solar_M_ft96_sl48_ll192_pl512_dm8_nh2_el1_dl512_df1_fctimeF_ebTrue_dtvr_projection_0/slot_diagnostics,0.7416398224077727,0.0074163980536947,0.0099999997764825,0.0243902429938316,67.7900390625,115.4735336303711,0.2445122003555297,4.0,"(41, 137)","(41, 137)","(137, 137)",48.88131385969893,0.06470903964206165,0.2231820601844865,0.16892179636082075,0.6472584321553598,104.87530651395917,0.014499495745172817,0.07019894813518826,61.90510691648253,0.04246632163321354,0.16178165285353358,0.9781021897810219,0.00773591915083957
Solar,336,0.102,0.1021897810218978,14,1.0856202365471965,1.044097726570974,./results/Solar_pl336_mlp_slot_attention_ratio0.10_k14_ortho0_seed2021_slot_learned_linear_cycle0.01_cw0.2_iTransformer_Solar_M_ft96_sl48_ll336_pl512_dm8_nh2_el1_dl512_df1_fctimeF_ebTrue_dtvr_projection_0/slot_diagnostics,0.7420438864386417,0.0074204387078488,0.0099999997764825,0.0868838876485824,113.8230209350586,113.80874633789062,0.4428571462631225,10.0,"(14, 137)","(14, 137)","(137, 137)",101.47053461335352,0.023812066504127587,0.09566335867253609,0.36180882609454035,0.8920939459786197,102.37824405597918,0.0178895634617798,0.07876966726181647,105.53868264350673,0.021523652614530823,0.08988473420031393,0.9973360328200757,0.007474064238914423
Solar,336,0.197,0.1970802919708029,27,1.068487489174021,1.0321526035246207,./results/Solar_pl336_mlp_slot_attention_ratio0.20_k27_ortho0_seed2021_slot_learned_linear_cycle0.01_cw0.2_iTransformer_Solar_M_ft96_sl48_ll336_pl512_dm8_nh2_el1_dl512_df1_fctimeF_ebTrue_dtvr_projection_0/slot_diagnostics,0.7338368544276331,0.0073383683842954,0.0099999997764825,0.0872053951025009,106.66319274902344,114.81472778320312,0.2730294466018677,6.0,"(27, 137)","(27, 137)","(137, 137)",91.06606723796465,0.031988695874874754,0.12131249910514065,0.19261294261294262,0.8164470989615081,104.25679392082957,0.015234493810691339,0.07056852249335575,97.11400793592315,0.024687948020546562,0.1027446465995569,0.9951515797325377,0.00893748716129661
Solar,336,0.299,0.2992700729927007,41,1.0651961604923965,1.0308687666470602,./results/Solar_pl336_mlp_slot_attention_ratio0.30_k41_ortho0_seed2021_slot_learned_linear_cycle0.01_cw0.2_iTransformer_Solar_M_ft96_sl48_ll336_pl512_dm8_nh2_el1_dl512_df1_fctimeF_ebTrue_dtvr_projection_0/slot_diagnostics,0.7283218236981144,0.0072832180774921,0.0099999997764825,0.0634146407246589,95.53569793701172,116.00061798095705,0.3286585509777069,4.0,"(41, 137)","(41, 137)","(137, 137)",78.98133625497232,0.05406460480553114,0.17455556707616937,0.28126693766937666,0.7518067983785477,105.67578882558799,0.014009224350001447,0.06894945678900331,86.97838313412512,0.04088908662169781,0.13846399374225077,0.9857744152592041,0.010484339435217581
Solar,720,0.102,0.1021897810218978,14,1.1010119867923616,1.0525814413263794,./results/Solar_pl720_mlp_slot_attention_ratio0.10_k14_ortho0_seed2021_slot_learned_linear_cycle0.01_cw0.2_iTransformer_Solar_M_ft96_sl48_ll720_pl512_dm8_nh2_el1_dl512_df1_fctimeF_ebTrue_dtvr_projection_0/slot_diagnostics,0.6794727742141676,0.0067947275863688,0.0099999997764825,0.0263157915323972,64.76530456542969,114.2589111328125,0.5175824761390686,10.0,"(14, 137)","(14, 137)","(137, 137)",46.98852307800895,0.06153461842276398,0.22681882816199686,0.31070120355834635,0.7739183118740534,103.21047187190932,0.017601026057217535,0.07720562107775832,54.23588536922074,0.05014165610914318,0.19017862243372935,0.9157653577707923,0.007373647590142349
Solar,720,0.197,0.1970802919708029,27,1.0907447626082687,1.0424628554718094,./results/Solar_pl720_mlp_slot_attention_ratio0.20_k27_ortho0_seed2021_slot_learned_linear_cycle0.01_cw0.2_iTransformer_Solar_M_ft96_sl48_ll720_pl512_dm8_nh2_el1_dl512_df1_fctimeF_ebTrue_dtvr_projection_0/slot_diagnostics,0.6645904401867415,0.006645904252806,0.0099999997764825,0.0134680140763521,61.28394317626953,115.96895599365234,0.4924026727676391,6.0,"(27, 137)","(27, 137)","(137, 137)",42.698083632043684,0.06902337709151635,0.25024962050757,0.331829692940804,0.7509455723360944,105.78426630185083,0.01444015693976225,0.0683873555267444,50.5246371125737,0.05849176472817019,0.21066786450545294,0.9541264851617028,0.007514475658597789
Solar,720,0.299,0.2992700729927007,41,1.0929357772993382,1.0395617414791127,./results/Solar_pl720_mlp_slot_attention_ratio0.30_k41_ortho0_seed2021_slot_learned_linear_cycle0.01_cw0.2_iTransformer_Solar_M_ft96_sl48_ll720_pl512_dm8_nh2_el1_dl512_df1_fctimeF_ebTrue_dtvr_projection_0/slot_diagnostics,0.6789767259592687,0.006789767108377,0.0099999997764825,0.0104529624804854,55.67136001586914,116.76545715332033,0.3161585330963135,4.0,"(41, 137)","(41, 137)","(137, 137)",39.90960969847984,0.08464321171459743,0.26637923955739484,0.2566782810685249,0.6606221534691996,106.61302447664136,0.013638460727117569,0.06731410985721233,46.48020039959106,0.06597164375745627,0.2214594474914635,0.8635516010442751,0.007828264612987782
